"","partID","conds","datalong"
"1","part 1","l1_b",1.21954898621804
"2","part 2","l1_b",-0.613111320674509
"3","part 3","l1_b",1.18595344536047
"4","part 4","l1_b",0.160329352472923
"5","part 5","l1_b",-0.677131374740119
"6","part 6","l1_b",-1.05124623240227
"7","part 7","l1_b",-1.56680768219117
"8","part 8","l1_b",0.626101536434779
"9","part 9","l1_b",1.0517212429725
"10","part 10","l1_b",-1.44599016696969
"11","part 11","l1_b",1.36258368459544
"12","part 12","l1_b",0.801880644460712
"13","part 13","l1_b",1.32847400920842
"14","part 14","l1_b",-1.25491578928802
"15","part 15","l1_b",-0.121178498444833
"16","part 16","l1_b",0.69920587804265
"17","part 17","l1_b",0.459926908200312
"18","part 18","l1_b",0.190198922326726
"19","part 19","l1_b",0.97509393355601
"20","part 20","l1_b",0.175620143567583
"21","part 21","l1_b",0.493825793378941
"22","part 22","l1_b",1.68792919724719
"23","part 23","l1_b",0.801297383389245
"24","part 24","l1_b",-0.426844031965291
"25","part 25","l1_b",0.943352282306553
"26","part 26","l1_b",1.43178589416917
"27","part 27","l1_b",2.12175412525579
"28","part 28","l1_b",0.654931242588712
"29","part 29","l1_b",0.828319143037922
"30","part 30","l1_b",-0.240407584347359
"31","part 31","l1_b",1.21836452113558
"32","part 32","l1_b",0.597469664264881
"33","part 33","l1_b",-2.10330570832425
"34","part 34","l1_b",0.408075958887197
"35","part 35","l1_b",0.361563461297852
"36","part 36","l1_b",-1.0418999771352
"37","part 37","l1_b",-1.38635197741457
"38","part 38","l1_b",-0.51477389886378
"39","part 39","l1_b",1.62317099964911
"40","part 40","l1_b",0.703306761921273
"41","part 41","l1_b",-0.819278577257453
"42","part 42","l1_b",0.790335020487691
"43","part 43","l1_b",0.378346459606204
"44","part 44","l1_b",-0.776782185927798
"45","part 45","l1_b",-0.504801593339213
"46","part 46","l1_b",-0.352476032520164
"47","part 47","l1_b",-1.19179818043388
"48","part 48","l1_b",0.216538107238917
"49","part 49","l1_b",1.38330586979454
"50","part 50","l1_b",1.22986186951398
"51","part 51","l1_b",0.161458206936812
"52","part 52","l1_b",-0.383163224629286
"53","part 53","l1_b",-1.29426923112686
"54","part 54","l1_b",0.313185733808806
"55","part 55","l1_b",-0.940448284686206
"56","part 56","l1_b",1.91532387304329
"57","part 57","l1_b",-0.867182853268429
"58","part 58","l1_b",0.548059564859434
"59","part 59","l1_b",0.895648903895679
"60","part 60","l1_b",-1.35215967086213
"61","part 61","l1_b",0.992735593572548
"62","part 62","l1_b",-0.486156829648904
"63","part 63","l1_b",2.23717208308246
"64","part 64","l1_b",-0.87008001935526
"65","part 65","l1_b",0.499243848201082
"66","part 66","l1_b",-0.180527847464029
"67","part 67","l1_b",0.470686874326491
"68","part 68","l1_b",-0.327483286595466
"69","part 69","l1_b",1.25641728057883
"70","part 70","l1_b",-0.000701930107180559
"71","part 71","l1_b",0.32534803702677
"72","part 72","l1_b",0.155478265338102
"73","part 73","l1_b",0.55707206154586
"74","part 74","l1_b",-0.665857262475739
"75","part 75","l1_b",-0.326836478782123
"76","part 76","l1_b",-0.990207165543858
"77","part 77","l1_b",-0.651563048517044
"78","part 78","l1_b",0.952157704304395
"79","part 79","l1_b",2.51977639025236
"80","part 80","l1_b",-0.610083915553549
"81","part 81","l1_b",2.14270163573572
"82","part 82","l1_b",-0.65403617160916
"83","part 83","l1_b",-0.998811735990702
"84","part 84","l1_b",-0.918063760534292
"85","part 85","l1_b",0.078782073490996
"86","part 86","l1_b",0.0673812650073395
"87","part 87","l1_b",-0.337622794291784
"88","part 88","l1_b",-1.44630163232349
"89","part 89","l1_b",0.502874324598213
"90","part 90","l1_b",1.2553136522896
"91","part 91","l1_b",-0.0123547925388022
"92","part 92","l1_b",0.191805069576789
"93","part 93","l1_b",0.308984822348858
"94","part 94","l1_b",-0.458466442772533
"95","part 95","l1_b",-1.19023741362973
"96","part 96","l1_b",2.15807413475004
"97","part 97","l1_b",2.43266904664055
"98","part 98","l1_b",0.195395729842167
"99","part 99","l1_b",-0.283373978071038
"100","part 100","l1_b",-0.58949828815807
"101","part 101","l1_b",0.0511765493279708
"102","part 102","l1_b",-0.844881832573812
"103","part 103","l1_b",0.321247787637356
"104","part 104","l1_b",0.393214513196094
"105","part 105","l1_b",-0.0979209188293033
"106","part 106","l1_b",-1.04975695564481
"107","part 107","l1_b",-0.754717365379827
"108","part 108","l1_b",0.81389197876972
"109","part 109","l1_b",-0.30619868817191
"110","part 110","l1_b",0.600944425292019
"111","part 111","l1_b",-0.191196322856267
"112","part 112","l1_b",-1.17651104071406
"113","part 113","l1_b",0.676669827502075
"114","part 114","l1_b",-0.123501635192047
"115","part 115","l1_b",0.964424327646365
"116","part 116","l1_b",-0.163125960268693
"117","part 117","l1_b",0.259393720977066
"118","part 118","l1_b",0.0578611861457159
"119","part 119","l1_b",1.31175280169226
"120","part 120","l1_b",0.0761702847644248
"121","part 121","l1_b",1.28232539604897
"122","part 122","l1_b",1.86183935767175
"123","part 123","l1_b",0.366848520744001
"124","part 124","l1_b",-0.953586265107175
"125","part 125","l1_b",0.882791707687146
"126","part 126","l1_b",0.900089393963685
"127","part 127","l1_b",-0.0316993566344307
"128","part 128","l1_b",1.69771917423332
"129","part 129","l1_b",0.0238855360763687
"130","part 130","l1_b",0.0731550976990334
"131","part 131","l1_b",0.416180336995039
"132","part 132","l1_b",-1.33794897745194
"133","part 133","l1_b",0.94189176869404
"134","part 134","l1_b",0.265611176770933
"135","part 135","l1_b",-0.733727740795591
"136","part 136","l1_b",-0.506177882628034
"137","part 137","l1_b",0.0100640006772579
"138","part 138","l1_b",-2.07636001854904
"139","part 139","l1_b",1.05829381977085
"140","part 140","l1_b",0.163347092105758
"141","part 141","l1_b",0.342177042245171
"142","part 142","l1_b",-0.675241805447263
"143","part 143","l1_b",0.274720497468546
"144","part 144","l1_b",-0.274459054295142
"145","part 145","l1_b",1.43548427484638
"146","part 146","l1_b",-0.290017140905761
"147","part 147","l1_b",-0.574786775393937
"148","part 148","l1_b",-0.13087992126282
"149","part 149","l1_b",0.315952877919942
"150","part 150","l1_b",1.1250027641653
"151","part 151","l1_b",1.53102631565141
"152","part 152","l1_b",-0.0378206100444186
"153","part 153","l1_b",1.26204094536095
"154","part 154","l1_b",-0.389840707864068
"155","part 155","l1_b",0.31682923253931
"156","part 156","l1_b",-0.911959081106495
"157","part 157","l1_b",1.38244265420317
"158","part 158","l1_b",-0.722853823955424
"159","part 159","l1_b",1.15415811677621
"160","part 160","l1_b",0.0382639130240355
"161","part 161","l1_b",-0.341489606175488
"162","part 162","l1_b",-2.05603783834582
"163","part 163","l1_b",-1.8612043036145
"164","part 164","l1_b",0.168899929506927
"165","part 165","l1_b",-0.441133457675633
"166","part 166","l1_b",1.01386850818114
"167","part 167","l1_b",1.00752380548977
"168","part 168","l1_b",-0.498797119279385
"169","part 169","l1_b",-1.17233210705988
"170","part 170","l1_b",0.554647811905431
"171","part 171","l1_b",-0.290754503126159
"172","part 172","l1_b",0.0530514422903096
"173","part 173","l1_b",1.56608744574286
"174","part 174","l1_b",-0.478157860792466
"175","part 175","l1_b",0.440006391210998
"176","part 176","l1_b",1.0685682485724
"177","part 177","l1_b",0.239253879021403
"178","part 178","l1_b",-0.653046297175768
"179","part 179","l1_b",-0.935571981879935
"180","part 180","l1_b",-0.287192146229205
"181","part 181","l1_b",-0.365238426139666
"182","part 182","l1_b",-1.3282703684046
"183","part 183","l1_b",0.00460982464198581
"184","part 184","l1_b",-0.0657430114870056
"185","part 185","l1_b",-1.88211342539738
"186","part 186","l1_b",0.43739123243381
"187","part 187","l1_b",-0.81559028385821
"188","part 188","l1_b",0.690248745144301
"189","part 189","l1_b",0.598991670891101
"190","part 190","l1_b",-0.899461537313554
"191","part 191","l1_b",-0.532412622713303
"192","part 192","l1_b",1.11891170035322
"193","part 193","l1_b",2.6467178960066
"194","part 194","l1_b",0.485037083521502
"195","part 195","l1_b",0.870420400209302
"196","part 196","l1_b",-0.140939944260501
"197","part 197","l1_b",0.550566071461529
"198","part 198","l1_b",-0.438532822971267
"199","part 199","l1_b",1.91446920948432
"200","part 200","l1_b",-0.932352182343248
"201","part 201","l1_b",1.55305970037589
"202","part 202","l1_b",0.0393319106171682
"203","part 203","l1_b",1.73403223025332
"204","part 204","l1_b",-0.0130533943884486
"205","part 205","l1_b",-0.0831299450525434
"206","part 206","l1_b",-0.638534170552479
"207","part 207","l1_b",0.796385212297312
"208","part 208","l1_b",1.73753671557458
"209","part 209","l1_b",1.07177090418115
"210","part 210","l1_b",0.329035768935251
"211","part 211","l1_b",0.119470875324891
"212","part 212","l1_b",2.31219613947939
"213","part 213","l1_b",-0.290288671602302
"214","part 214","l1_b",0.0620341831208258
"215","part 215","l1_b",-0.431920152999032
"216","part 216","l1_b",-1.7810393174096
"217","part 217","l1_b",-0.22346318014874
"218","part 218","l1_b",0.779214531546577
"219","part 219","l1_b",0.734369427092161
"220","part 220","l1_b",-0.607130657950729
"221","part 221","l1_b",1.35585145337893
"222","part 222","l1_b",-1.02386214681581
"223","part 223","l1_b",-1.04129395064462
"224","part 224","l1_b",-0.437727103348603
"225","part 225","l1_b",-0.277965722865485
"226","part 226","l1_b",-1.92276430270985
"227","part 227","l1_b",1.09016433282934
"228","part 228","l1_b",-3.29370585877725
"229","part 229","l1_b",-0.61111294355485
"230","part 230","l1_b",1.40285388499671
"231","part 231","l1_b",1.3423441730796
"232","part 232","l1_b",-1.29970035036392
"233","part 233","l1_b",1.0528493953038
"234","part 234","l1_b",0.112972965692722
"235","part 235","l1_b",0.415918447174563
"236","part 236","l1_b",0.925187694628928
"237","part 237","l1_b",0.506928911118954
"238","part 238","l1_b",0.656899825111279
"239","part 239","l1_b",0.732102656143045
"240","part 240","l1_b",-0.589098042078857
"241","part 241","l1_b",0.535495945449706
"242","part 242","l1_b",-0.260635863642653
"243","part 243","l1_b",0.643532641673712
"244","part 244","l1_b",-0.939177234072625
"245","part 245","l1_b",0.817038415325453
"246","part 246","l1_b",0.67278217135661
"247","part 247","l1_b",0.709648424337593
"248","part 248","l1_b",0.989292428600646
"249","part 249","l1_b",-0.0800423526560505
"250","part 250","l1_b",-0.409770361124703
"251","part 1","l1_pm",1.84457709340945
"252","part 2","l1_pm",-0.606932507147469
"253","part 3","l1_pm",0.616244075367397
"254","part 4","l1_pm",0.227372564485419
"255","part 5","l1_pm",-1.33773056498619
"256","part 6","l1_pm",-1.14803422979052
"257","part 7","l1_pm",-1.86300868911373
"258","part 8","l1_pm",0.931059466017182
"259","part 9","l1_pm",0.774747936381848
"260","part 10","l1_pm",-1.05229390368825
"261","part 11","l1_pm",1.35074857454138
"262","part 12","l1_pm",1.00207471472938
"263","part 13","l1_pm",0.754210258429219
"264","part 14","l1_pm",-0.420204254913004
"265","part 15","l1_pm",0.637583969962597
"266","part 16","l1_pm",0.627414390039398
"267","part 17","l1_pm",0.0556173154033316
"268","part 18","l1_pm",0.491504221059536
"269","part 19","l1_pm",1.4646579358504
"270","part 20","l1_pm",0.311133624633906
"271","part 21","l1_pm",0.0445683800938285
"272","part 22","l1_pm",2.21545621316832
"273","part 23","l1_pm",0.746083146295591
"274","part 24","l1_pm",-0.805595609793092
"275","part 25","l1_pm",0.932967501553799
"276","part 26","l1_pm",1.1414021500939
"277","part 27","l1_pm",0.881959211312569
"278","part 28","l1_pm",-0.391175252084117
"279","part 29","l1_pm",0.874841584688042
"280","part 30","l1_pm",-0.306889981811214
"281","part 31","l1_pm",0.848490853633217
"282","part 32","l1_pm",0.999962373746619
"283","part 33","l1_pm",-2.08837577901756
"284","part 34","l1_pm",0.848941211845154
"285","part 35","l1_pm",0.824675917391964
"286","part 36","l1_pm",-0.875695940525658
"287","part 37","l1_pm",-0.88368568232027
"288","part 38","l1_pm",-0.474761396873256
"289","part 39","l1_pm",1.08478044635898
"290","part 40","l1_pm",-0.127004021982489
"291","part 41","l1_pm",-1.19435262051707
"292","part 42","l1_pm",0.252753771486084
"293","part 43","l1_pm",0.466046836577831
"294","part 44","l1_pm",-1.39616486660347
"295","part 45","l1_pm",-0.000501141745608225
"296","part 46","l1_pm",0.618650919263124
"297","part 47","l1_pm",-1.0612941793264
"298","part 48","l1_pm",0.0815665691810451
"299","part 49","l1_pm",1.13235735680461
"300","part 50","l1_pm",1.33631882098263
"301","part 51","l1_pm",0.146363428583884
"302","part 52","l1_pm",0.69790544083719
"303","part 53","l1_pm",-1.48696683887875
"304","part 54","l1_pm",0.39053489809667
"305","part 55","l1_pm",0.096968977227805
"306","part 56","l1_pm",1.67906007572236
"307","part 57","l1_pm",-0.410078947188438
"308","part 58","l1_pm",0.653636507940304
"309","part 59","l1_pm",0.646654622893642
"310","part 60","l1_pm",-0.968214479661011
"311","part 61","l1_pm",0.987804971213896
"312","part 62","l1_pm",-0.348805833061663
"313","part 63","l1_pm",2.09477053373522
"314","part 64","l1_pm",-0.356822994727484
"315","part 65","l1_pm",0.326915791038418
"316","part 66","l1_pm",-0.712197089655605
"317","part 67","l1_pm",0.658154006230361
"318","part 68","l1_pm",0.655399384716672
"319","part 69","l1_pm",1.83556951014742
"320","part 70","l1_pm",0.718158457232166
"321","part 71","l1_pm",0.822618049321533
"322","part 72","l1_pm",0.454995070285411
"323","part 73","l1_pm",-0.627025191096956
"324","part 74","l1_pm",0.402633095139738
"325","part 75","l1_pm",-0.269803421473091
"326","part 76","l1_pm",-0.531706456538282
"327","part 77","l1_pm",-0.609906963973491
"328","part 78","l1_pm",0.837560278668416
"329","part 79","l1_pm",2.91435084846604
"330","part 80","l1_pm",-0.209313233466273
"331","part 81","l1_pm",1.97524052032107
"332","part 82","l1_pm",-1.39809348369045
"333","part 83","l1_pm",-0.835092239289918
"334","part 84","l1_pm",-0.354739278367846
"335","part 85","l1_pm",0.251327138950993
"336","part 86","l1_pm",-0.194321478073288
"337","part 87","l1_pm",-0.9805326059161
"338","part 88","l1_pm",-1.81649058909455
"339","part 89","l1_pm",0.517070375446656
"340","part 90","l1_pm",2.11279596540494
"341","part 91","l1_pm",0.13886766624675
"342","part 92","l1_pm",0.935713997848371
"343","part 93","l1_pm",0.463565287897851
"344","part 94","l1_pm",0.167819266723454
"345","part 95","l1_pm",-1.49058606642682
"346","part 96","l1_pm",2.49633920298724
"347","part 97","l1_pm",1.7922782802322
"348","part 98","l1_pm",0.890926875357565
"349","part 99","l1_pm",-0.22253968279681
"350","part 100","l1_pm",-0.838535652185219
"351","part 101","l1_pm",-0.243756401675186
"352","part 102","l1_pm",-0.586827890277625
"353","part 103","l1_pm",0.540371006298939
"354","part 104","l1_pm",0.498134992475796
"355","part 105","l1_pm",-0.413867349847187
"356","part 106","l1_pm",-0.605062569500251
"357","part 107","l1_pm",-0.965392280791474
"358","part 108","l1_pm",0.295396397410415
"359","part 109","l1_pm",0.0260302450894974
"360","part 110","l1_pm",0.550498457302834
"361","part 111","l1_pm",-0.248855913242392
"362","part 112","l1_pm",-1.29036541344096
"363","part 113","l1_pm",0.772250824578286
"364","part 114","l1_pm",0.728245500666484
"365","part 115","l1_pm",1.24879609917596
"366","part 116","l1_pm",0.275039409925992
"367","part 117","l1_pm",0.760753062080585
"368","part 118","l1_pm",-0.500151766869493
"369","part 119","l1_pm",1.5059339553184
"370","part 120","l1_pm",0.105542064454726
"371","part 121","l1_pm",0.769148472911193
"372","part 122","l1_pm",2.04871162866412
"373","part 123","l1_pm",0.233912592295662
"374","part 124","l1_pm",-0.655068105546873
"375","part 125","l1_pm",0.645073035637995
"376","part 126","l1_pm",-0.367071254069694
"377","part 127","l1_pm",0.186652826109344
"378","part 128","l1_pm",2.41777022969777
"379","part 129","l1_pm",0.142987469733382
"380","part 130","l1_pm",0.377454018886462
"381","part 131","l1_pm",0.452788693728499
"382","part 132","l1_pm",-0.663554369119151
"383","part 133","l1_pm",1.12429056750228
"384","part 134","l1_pm",0.453731673467514
"385","part 135","l1_pm",-0.96938050534804
"386","part 136","l1_pm",-0.388199697977025
"387","part 137","l1_pm",0.29858228135228
"388","part 138","l1_pm",-2.49765337072633
"389","part 139","l1_pm",1.13375093860006
"390","part 140","l1_pm",0.366441691564883
"391","part 141","l1_pm",1.52771627696596
"392","part 142","l1_pm",-0.142533926094543
"393","part 143","l1_pm",-0.293695085739941
"394","part 144","l1_pm",0.087054603524633
"395","part 145","l1_pm",0.4455339736186
"396","part 146","l1_pm",-0.502530651516152
"397","part 147","l1_pm",-0.645949888035513
"398","part 148","l1_pm",0.147881035805627
"399","part 149","l1_pm",0.0912157181157119
"400","part 150","l1_pm",1.53514987303953
"401","part 151","l1_pm",1.2473121559858
"402","part 152","l1_pm",0.309980852092312
"403","part 153","l1_pm",0.580559939280468
"404","part 154","l1_pm",-0.665613134230931
"405","part 155","l1_pm",-0.473268787789694
"406","part 156","l1_pm",-0.151215997954163
"407","part 157","l1_pm",1.12992728085713
"408","part 158","l1_pm",-0.139094131557975
"409","part 159","l1_pm",0.89283477778741
"410","part 160","l1_pm",0.580704159916801
"411","part 161","l1_pm",-0.191132189564788
"412","part 162","l1_pm",-1.39105466797444
"413","part 163","l1_pm",-1.71187172575823
"414","part 164","l1_pm",1.08732491098247
"415","part 165","l1_pm",-0.0913728801676372
"416","part 166","l1_pm",1.14268749788197
"417","part 167","l1_pm",0.627950686707822
"418","part 168","l1_pm",0.0477632104944882
"419","part 169","l1_pm",-1.24463413294827
"420","part 170","l1_pm",0.515163147293037
"421","part 171","l1_pm",0.0423387978824098
"422","part 172","l1_pm",-0.192280565163921
"423","part 173","l1_pm",1.2035309325705
"424","part 174","l1_pm",-0.301877416526248
"425","part 175","l1_pm",0.900590250480079
"426","part 176","l1_pm",1.85399502735956
"427","part 177","l1_pm",0.569101909457427
"428","part 178","l1_pm",-0.772190755123778
"429","part 179","l1_pm",-0.179574622111998
"430","part 180","l1_pm",-0.0762130107182503
"431","part 181","l1_pm",-0.931748613776986
"432","part 182","l1_pm",-1.35371276750398
"433","part 183","l1_pm",-0.194124327579368
"434","part 184","l1_pm",-0.217945442960638
"435","part 185","l1_pm",-1.87359727124704
"436","part 186","l1_pm",0.237550237838059
"437","part 187","l1_pm",0.264266349722724
"438","part 188","l1_pm",0.381966274302878
"439","part 189","l1_pm",1.18071320185373
"440","part 190","l1_pm",-1.19602289052139
"441","part 191","l1_pm",-0.0367827935936127
"442","part 192","l1_pm",0.703907650353347
"443","part 193","l1_pm",3.1937008725061
"444","part 194","l1_pm",0.432848217846802
"445","part 195","l1_pm",0.824827896582557
"446","part 196","l1_pm",0.13777458364966
"447","part 197","l1_pm",1.28136630757837
"448","part 198","l1_pm",0.442136962056264
"449","part 199","l1_pm",1.59950110275832
"450","part 200","l1_pm",-1.06660028332776
"451","part 201","l1_pm",0.972711831229273
"452","part 202","l1_pm",-0.281320254480196
"453","part 203","l1_pm",1.26831310842863
"454","part 204","l1_pm",-0.307680883773733
"455","part 205","l1_pm",0.126221352464712
"456","part 206","l1_pm",-0.174463712989656
"457","part 207","l1_pm",0.69225815542436
"458","part 208","l1_pm",1.74686808201843
"459","part 209","l1_pm",0.711797597200894
"460","part 210","l1_pm",0.509078696711416
"461","part 211","l1_pm",1.07606603836229
"462","part 212","l1_pm",2.44093755684313
"463","part 213","l1_pm",-0.489221279507189
"464","part 214","l1_pm",-0.10649720671806
"465","part 215","l1_pm",0.221081954763409
"466","part 216","l1_pm",-1.65196962079874
"467","part 217","l1_pm",0.267756888734122
"468","part 218","l1_pm",-0.216514063304504
"469","part 219","l1_pm",0.593777492721804
"470","part 220","l1_pm",-0.190062682006279
"471","part 221","l1_pm",1.26383217073896
"472","part 222","l1_pm",-0.373704360390418
"473","part 223","l1_pm",-1.42886511632692
"474","part 224","l1_pm",0.00152190443512279
"475","part 225","l1_pm",-0.8244647493058
"476","part 226","l1_pm",-2.1948695227615
"477","part 227","l1_pm",0.50377021256587
"478","part 228","l1_pm",-2.62178605034832
"479","part 229","l1_pm",-0.864892145293448
"480","part 230","l1_pm",2.00894038224536
"481","part 231","l1_pm",1.12087780678906
"482","part 232","l1_pm",-1.1069071856653
"483","part 233","l1_pm",0.131517038254955
"484","part 234","l1_pm",0.0356897960890305
"485","part 235","l1_pm",1.11975459157049
"486","part 236","l1_pm",1.64648270049551
"487","part 237","l1_pm",-0.0895015043070333
"488","part 238","l1_pm",1.25065290368438
"489","part 239","l1_pm",1.18215430251744
"490","part 240","l1_pm",-0.636845198976665
"491","part 241","l1_pm",-0.204040237937937
"492","part 242","l1_pm",-0.301341638194682
"493","part 243","l1_pm",1.14322607976402
"494","part 244","l1_pm",-0.655833869400971
"495","part 245","l1_pm",0.396532106268992
"496","part 246","l1_pm",1.2696023766775
"497","part 247","l1_pm",1.28448114130966
"498","part 248","l1_pm",1.12235300932653
"499","part 249","l1_pm",0.227627246197861
"500","part 250","l1_pm",-0.858102074399294
"501","part 1","l3_b",1.06426211307568
"502","part 2","l3_b",-1.08838929835477
"503","part 3","l3_b",0.198768353933777
"504","part 4","l3_b",-0.0770749313793591
"505","part 5","l3_b",-0.944992511670627
"506","part 6","l3_b",-0.91090717059194
"507","part 7","l3_b",-1.38935267396338
"508","part 8","l3_b",1.37660164800058
"509","part 9","l3_b",1.17168128611429
"510","part 10","l3_b",-0.9091019679766
"511","part 11","l3_b",1.61640231708847
"512","part 12","l3_b",0.952518158239014
"513","part 13","l3_b",1.27972815012879
"514","part 14","l3_b",-0.781821579535687
"515","part 15","l3_b",0.438978255968064
"516","part 16","l3_b",1.25555049079068
"517","part 17","l3_b",0.526974592585037
"518","part 18","l3_b",0.036885874023018
"519","part 19","l3_b",0.757277386620452
"520","part 20","l3_b",-0.0774149748296468
"521","part 21","l3_b",0.705568467111171
"522","part 22","l3_b",2.09297037020625
"523","part 23","l3_b",0.702686740944425
"524","part 24","l3_b",-0.496049400455368
"525","part 25","l3_b",1.1075997972039
"526","part 26","l3_b",1.3603580209782
"527","part 27","l3_b",1.35561963453383
"528","part 28","l3_b",0.286761674767305
"529","part 29","l3_b",0.720178947771194
"530","part 30","l3_b",0.281971327775154
"531","part 31","l3_b",0.990816777457077
"532","part 32","l3_b",0.44918267053298
"533","part 33","l3_b",-1.86460001047479
"534","part 34","l3_b",1.11315502475952
"535","part 35","l3_b",1.42012506590995
"536","part 36","l3_b",-0.507904909275378
"537","part 37","l3_b",-0.350251453411784
"538","part 38","l3_b",0.756563798213654
"539","part 39","l3_b",1.77044854865544
"540","part 40","l3_b",0.398552136929318
"541","part 41","l3_b",-0.286303061932393
"542","part 42","l3_b",-0.0446050140809642
"543","part 43","l3_b",0.6633792072069
"544","part 44","l3_b",-0.719506310106922
"545","part 45","l3_b",-0.078624714535064
"546","part 46","l3_b",-0.094770995989361
"547","part 47","l3_b",-1.17539797385015
"548","part 48","l3_b",0.165008499024375
"549","part 49","l3_b",1.32116461419318
"550","part 50","l3_b",1.10945684622239
"551","part 51","l3_b",-0.044864953607339
"552","part 52","l3_b",0.370553029670715
"553","part 53","l3_b",-1.46348325787113
"554","part 54","l3_b",0.696958551780362
"555","part 55","l3_b",0.190932878479116
"556","part 56","l3_b",1.63562231207713
"557","part 57","l3_b",-0.261321877194841
"558","part 58","l3_b",0.757939603438464
"559","part 59","l3_b",1.3174512747852
"560","part 60","l3_b",-1.3438780528401
"561","part 61","l3_b",0.425205614233903
"562","part 62","l3_b",-0.45050830670279
"563","part 63","l3_b",2.07613347839804
"564","part 64","l3_b",-1.19035056552341
"565","part 65","l3_b",0.519316092825429
"566","part 66","l3_b",-0.144833104517126
"567","part 67","l3_b",0.297560188261257
"568","part 68","l3_b",0.710554242657166
"569","part 69","l3_b",1.54303071357962
"570","part 70","l3_b",0.741999224615436
"571","part 71","l3_b",0.413987795698131
"572","part 72","l3_b",1.06244235130064
"573","part 73","l3_b",0.277617288569111
"574","part 74","l3_b",0.371496148583913
"575","part 75","l3_b",0.109611787560816
"576","part 76","l3_b",-0.552833235151906
"577","part 77","l3_b",-0.0983016298802706
"578","part 78","l3_b",1.41960765474496
"579","part 79","l3_b",2.61376549382452
"580","part 80","l3_b",-0.156169140511854
"581","part 81","l3_b",2.60020069339444
"582","part 82","l3_b",-0.423727222883409
"583","part 83","l3_b",-0.533925911788904
"584","part 84","l3_b",-0.768376074816988
"585","part 85","l3_b",0.476676181380906
"586","part 86","l3_b",-0.237287251051076
"587","part 87","l3_b",-0.915485299519408
"588","part 88","l3_b",-1.08103769078294
"589","part 89","l3_b",1.24362558602353
"590","part 90","l3_b",2.02543163028397
"591","part 91","l3_b",0.645923771099124
"592","part 92","l3_b",0.484457758250456
"593","part 93","l3_b",0.139547335230057
"594","part 94","l3_b",-0.142084137295823
"595","part 95","l3_b",-1.32779521630272
"596","part 96","l3_b",2.42903285104164
"597","part 97","l3_b",2.59752028739587
"598","part 98","l3_b",0.661695538470686
"599","part 99","l3_b",-0.452317169000389
"600","part 100","l3_b",-0.555012713541132
"601","part 101","l3_b",0.0779258095391433
"602","part 102","l3_b",-0.472412593404386
"603","part 103","l3_b",0.0356623586872976
"604","part 104","l3_b",1.00420381538211
"605","part 105","l3_b",-0.0746380409787724
"606","part 106","l3_b",-1.01903177352467
"607","part 107","l3_b",-0.805664778232658
"608","part 108","l3_b",1.36881238837446
"609","part 109","l3_b",0.00298986005363872
"610","part 110","l3_b",1.02901557204248
"611","part 111","l3_b",-0.225870622007698
"612","part 112","l3_b",-1.15065957527977
"613","part 113","l3_b",1.28724321432345
"614","part 114","l3_b",-0.0928851617758302
"615","part 115","l3_b",0.741878783762083
"616","part 116","l3_b",0.379713838357888
"617","part 117","l3_b",0.836585705674237
"618","part 118","l3_b",-0.323920960592085
"619","part 119","l3_b",1.89837999872586
"620","part 120","l3_b",0.928129162370534
"621","part 121","l3_b",1.10279328950524
"622","part 122","l3_b",2.0875141953815
"623","part 123","l3_b",0.732651625137384
"624","part 124","l3_b",-0.534516631531969
"625","part 125","l3_b",0.874048381885988
"626","part 126","l3_b",0.474835066608868
"627","part 127","l3_b",0.173212253659023
"628","part 128","l3_b",2.32134150586794
"629","part 129","l3_b",0.284779504776123
"630","part 130","l3_b",0.0353525113492965
"631","part 131","l3_b",0.523629695417966
"632","part 132","l3_b",-0.482506575916326
"633","part 133","l3_b",0.924436201561501
"634","part 134","l3_b",0.583113345403215
"635","part 135","l3_b",-0.724287210248715
"636","part 136","l3_b",-0.328627860687167
"637","part 137","l3_b",0.419847651298391
"638","part 138","l3_b",-2.54014734171701
"639","part 139","l3_b",0.989469282641405
"640","part 140","l3_b",0.0536048356529696
"641","part 141","l3_b",1.56264616086196
"642","part 142","l3_b",-0.248259694692915
"643","part 143","l3_b",1.07784705521386
"644","part 144","l3_b",0.313939157774625
"645","part 145","l3_b",1.64989653231566
"646","part 146","l3_b",-0.977873681632016
"647","part 147","l3_b",0.135731173257125
"648","part 148","l3_b",0.132751654347646
"649","part 149","l3_b",0.150876337870258
"650","part 150","l3_b",2.34836909824619
"651","part 151","l3_b",2.00329446257248
"652","part 152","l3_b",-0.529651802713018
"653","part 153","l3_b",1.11740324036097
"654","part 154","l3_b",-0.821065793792302
"655","part 155","l3_b",0.297185894648038
"656","part 156","l3_b",-1.33326296742517
"657","part 157","l3_b",1.07033205936979
"658","part 158","l3_b",-0.210995066820864
"659","part 159","l3_b",1.09663600474956
"660","part 160","l3_b",0.558152309245958
"661","part 161","l3_b",-0.034553417502798
"662","part 162","l3_b",-2.02148380541429
"663","part 163","l3_b",-2.3826689409627
"664","part 164","l3_b",0.285981903001568
"665","part 165","l3_b",-0.752832919358706
"666","part 166","l3_b",1.35690360672732
"667","part 167","l3_b",0.950970240339321
"668","part 168","l3_b",0.115642975339353
"669","part 169","l3_b",-1.20532197052212
"670","part 170","l3_b",0.706434850369668
"671","part 171","l3_b",-0.188873677079653
"672","part 172","l3_b",0.13165666009831
"673","part 173","l3_b",1.29273893679777
"674","part 174","l3_b",-0.623972283751765
"675","part 175","l3_b",0.820725767821187
"676","part 176","l3_b",2.28636080254635
"677","part 177","l3_b",0.0138660530004026
"678","part 178","l3_b",-0.776162308672945
"679","part 179","l3_b",-0.171264633090466
"680","part 180","l3_b",0.184752650217342
"681","part 181","l3_b",-0.686079328067618
"682","part 182","l3_b",-1.22605400020109
"683","part 183","l3_b",-0.00180553325456387
"684","part 184","l3_b",-0.261095093889781
"685","part 185","l3_b",-1.74567614687297
"686","part 186","l3_b",0.033034668387017
"687","part 187","l3_b",-0.165185243807226
"688","part 188","l3_b",0.113652599098436
"689","part 189","l3_b",0.605302207719138
"690","part 190","l3_b",-0.504447695270106
"691","part 191","l3_b",0.347793187697217
"692","part 192","l3_b",1.06382132953665
"693","part 193","l3_b",2.83996134825374
"694","part 194","l3_b",0.21672377125847
"695","part 195","l3_b",0.542479304069019
"696","part 196","l3_b",0.220292853625775
"697","part 197","l3_b",1.42120611391423
"698","part 198","l3_b",0.553374927611777
"699","part 199","l3_b",1.47554428988071
"700","part 200","l3_b",-0.541974681443108
"701","part 201","l3_b",1.74770514730241
"702","part 202","l3_b",-0.0598689456252172
"703","part 203","l3_b",1.63453924466267
"704","part 204","l3_b",0.0335125671073108
"705","part 205","l3_b",-0.969729575457157
"706","part 206","l3_b",-0.270422837674617
"707","part 207","l3_b",0.710225652320793
"708","part 208","l3_b",2.16092755619023
"709","part 209","l3_b",1.2391218161679
"710","part 210","l3_b",0.725047754566992
"711","part 211","l3_b",0.580357806057883
"712","part 212","l3_b",2.65138058529206
"713","part 213","l3_b",-0.660014980670777
"714","part 214","l3_b",-0.0807044415700581
"715","part 215","l3_b",-0.459128611267896
"716","part 216","l3_b",-1.19065960376762
"717","part 217","l3_b",0.447934164699176
"718","part 218","l3_b",0.85934761837977
"719","part 219","l3_b",0.683038095575822
"720","part 220","l3_b",0.14980439720018
"721","part 221","l3_b",1.35194691627637
"722","part 222","l3_b",0.0297915183303261
"723","part 223","l3_b",-1.51866936172454
"724","part 224","l3_b",0.547033044120566
"725","part 225","l3_b",-0.286164608216275
"726","part 226","l3_b",-2.12890747495499
"727","part 227","l3_b",0.9328082201432
"728","part 228","l3_b",-3.54109753953386
"729","part 229","l3_b",-0.689191790994123
"730","part 230","l3_b",1.59008795453934
"731","part 231","l3_b",0.87717493488878
"732","part 232","l3_b",-0.542671733956433
"733","part 233","l3_b",1.14042175710313
"734","part 234","l3_b",-0.254283618415502
"735","part 235","l3_b",1.34198352118174
"736","part 236","l3_b",1.21158673902495
"737","part 237","l3_b",0.13145316990616
"738","part 238","l3_b",1.67905472192024
"739","part 239","l3_b",1.06942161516346
"740","part 240","l3_b",-1.1093164993407
"741","part 241","l3_b",0.256385168134943
"742","part 242","l3_b",-0.0707042898872786
"743","part 243","l3_b",1.04954656055565
"744","part 244","l3_b",0.0564517769992886
"745","part 245","l3_b",0.860200785795102
"746","part 246","l3_b",1.38686944170216
"747","part 247","l3_b",1.49281336805344
"748","part 248","l3_b",1.44905745308802
"749","part 249","l3_b",0.280026971856072
"750","part 250","l3_b",-0.441552334934504
"751","part 1","l3_pm",2.00588498674261
"752","part 2","l3_pm",-0.520893368921428
"753","part 3","l3_pm",1.35329290291755
"754","part 4","l3_pm",0.632324784326667
"755","part 5","l3_pm",-0.705927506264886
"756","part 6","l3_pm",-0.916221178862353
"757","part 7","l3_pm",-2.09034506861168
"758","part 8","l3_pm",0.968462504173163
"759","part 9","l3_pm",1.74236489297691
"760","part 10","l3_pm",-0.864522508367602
"761","part 11","l3_pm",1.17039096573607
"762","part 12","l3_pm",0.506910076600911
"763","part 13","l3_pm",1.19421951751526
"764","part 14","l3_pm",-0.184729717328406
"765","part 15","l3_pm",0.557609360148144
"766","part 16","l3_pm",1.44923186662378
"767","part 17","l3_pm",0.500201934350459
"768","part 18","l3_pm",1.08120985495283
"769","part 19","l3_pm",0.966493604715248
"770","part 20","l3_pm",0.922252150483508
"771","part 21","l3_pm",0.493444866269912
"772","part 22","l3_pm",1.50715876771875
"773","part 23","l3_pm",0.881771218597076
"774","part 24","l3_pm",-0.219473711474023
"775","part 25","l3_pm",1.18935998202827
"776","part 26","l3_pm",1.51591560765007
"777","part 27","l3_pm",2.15920588734152
"778","part 28","l3_pm",0.640476240999168
"779","part 29","l3_pm",1.32198573718246
"780","part 30","l3_pm",0.457055135867601
"781","part 31","l3_pm",2.00248664634218
"782","part 32","l3_pm",0.259911752448141
"783","part 33","l3_pm",-1.54875401128592
"784","part 34","l3_pm",1.11499458386418
"785","part 35","l3_pm",1.34638223679655
"786","part 36","l3_pm",-1.10951898231956
"787","part 37","l3_pm",-0.585584048434946
"788","part 38","l3_pm",0.670889649782162
"789","part 39","l3_pm",2.26954558520436
"790","part 40","l3_pm",0.876337131854765
"791","part 41","l3_pm",-0.100056861271842
"792","part 42","l3_pm",0.568674298146039
"793","part 43","l3_pm",0.905003575373329
"794","part 44","l3_pm",0.140361640129576
"795","part 45","l3_pm",0.0246325827812078
"796","part 46","l3_pm",-0.50829676457931
"797","part 47","l3_pm",-0.754765691984403
"798","part 48","l3_pm",-0.0674862787927102
"799","part 49","l3_pm",1.50231350317456
"800","part 50","l3_pm",1.72112850746479
"801","part 51","l3_pm",-0.455315126256104
"802","part 52","l3_pm",0.641812590934343
"803","part 53","l3_pm",-0.64278942001626
"804","part 54","l3_pm",0.374498385332327
"805","part 55","l3_pm",-0.0692961473133068
"806","part 56","l3_pm",1.44691675267161
"807","part 57","l3_pm",-0.214777208342293
"808","part 58","l3_pm",0.190190157542695
"809","part 59","l3_pm",1.24734781658831
"810","part 60","l3_pm",-1.27032561187503
"811","part 61","l3_pm",0.88232810786385
"812","part 62","l3_pm",-0.475429214513338
"813","part 63","l3_pm",2.04587036313107
"814","part 64","l3_pm",-0.855791347351895
"815","part 65","l3_pm",1.01558865266806
"816","part 66","l3_pm",-0.134490395627019
"817","part 67","l3_pm",0.708102021610935
"818","part 68","l3_pm",0.890396567028732
"819","part 69","l3_pm",2.16478504068287
"820","part 70","l3_pm",1.19451501372689
"821","part 71","l3_pm",0.403931088195874
"822","part 72","l3_pm",0.560543729945616
"823","part 73","l3_pm",-0.0952098854087047
"824","part 74","l3_pm",-0.159511598790987
"825","part 75","l3_pm",0.521191509096554
"826","part 76","l3_pm",-0.0835838821418931
"827","part 77","l3_pm",0.299909670321739
"828","part 78","l3_pm",1.60478442012236
"829","part 79","l3_pm",2.7419780246047
"830","part 80","l3_pm",-0.0962144515911165
"831","part 81","l3_pm",2.16174161357458
"832","part 82","l3_pm",-0.488213822381321
"833","part 83","l3_pm",-0.932728247658466
"834","part 84","l3_pm",0.415683047302434
"835","part 85","l3_pm",0.525618011441865
"836","part 86","l3_pm",0.0801704390076814
"837","part 87","l3_pm",-0.743212428230257
"838","part 88","l3_pm",-1.1021352601956
"839","part 89","l3_pm",1.0294182675926
"840","part 90","l3_pm",1.39711299475814
"841","part 91","l3_pm",0.640890717303678
"842","part 92","l3_pm",0.329071320714306
"843","part 93","l3_pm",0.480189641503996
"844","part 94","l3_pm",-0.459802094506246
"845","part 95","l3_pm",-1.12131623352453
"846","part 96","l3_pm",2.59793788610849
"847","part 97","l3_pm",2.35173974118899
"848","part 98","l3_pm",0.52464686502097
"849","part 99","l3_pm",-0.243047207477699
"850","part 100","l3_pm",-0.456993100247832
"851","part 101","l3_pm",0.201551750580789
"852","part 102","l3_pm",-0.500477804715621
"853","part 103","l3_pm",0.188054240626312
"854","part 104","l3_pm",0.89125078805121
"855","part 105","l3_pm",-0.418268186999992
"856","part 106","l3_pm",-0.584125637570151
"857","part 107","l3_pm",-1.22881125103596
"858","part 108","l3_pm",1.32637272217926
"859","part 109","l3_pm",0.322922909346292
"860","part 110","l3_pm",0.969329381152108
"861","part 111","l3_pm",-0.697525648748686
"862","part 112","l3_pm",-1.30714020817912
"863","part 113","l3_pm",1.08239966317535
"864","part 114","l3_pm",0.304775947215835
"865","part 115","l3_pm",1.52330134053454
"866","part 116","l3_pm",0.156282280650111
"867","part 117","l3_pm",0.280407682292233
"868","part 118","l3_pm",-0.0394602266611558
"869","part 119","l3_pm",1.86485604158693
"870","part 120","l3_pm",0.660406883076139
"871","part 121","l3_pm",0.701353589434431
"872","part 122","l3_pm",1.52361469831524
"873","part 123","l3_pm",0.788318591850434
"874","part 124","l3_pm",-0.273791900102659
"875","part 125","l3_pm",1.59436670779232
"876","part 126","l3_pm",0.414237837210957
"877","part 127","l3_pm",0.246815874987461
"878","part 128","l3_pm",2.31762205637822
"879","part 129","l3_pm",0.202372438165534
"880","part 130","l3_pm",0.756060457127166
"881","part 131","l3_pm",-0.24773563329648
"882","part 132","l3_pm",-0.577397551891857
"883","part 133","l3_pm",1.56854461155227
"884","part 134","l3_pm",0.651972750227918
"885","part 135","l3_pm",-0.123750110997372
"886","part 136","l3_pm",0.16611003488824
"887","part 137","l3_pm",0.528059865964526
"888","part 138","l3_pm",-2.11764346841925
"889","part 139","l3_pm",1.61945848086602
"890","part 140","l3_pm",0.520234206530244
"891","part 141","l3_pm",1.58340914820299
"892","part 142","l3_pm",-0.366122463242572
"893","part 143","l3_pm",0.425100740870659
"894","part 144","l3_pm",-0.193095378635866
"895","part 145","l3_pm",1.39579167577509
"896","part 146","l3_pm",0.327551781503625
"897","part 147","l3_pm",-0.737929716029806
"898","part 148","l3_pm",0.756440820277008
"899","part 149","l3_pm",0.291234456977446
"900","part 150","l3_pm",2.61020759912786
"901","part 151","l3_pm",2.27404198441968
"902","part 152","l3_pm",0.305533695614596
"903","part 153","l3_pm",1.6120242517579
"904","part 154","l3_pm",-0.393666977242649
"905","part 155","l3_pm",0.184979039331199
"906","part 156","l3_pm",-0.251418112785857
"907","part 157","l3_pm",1.31174712731448
"908","part 158","l3_pm",-0.219438083502261
"909","part 159","l3_pm",1.78345456286233
"910","part 160","l3_pm",0.990095017424768
"911","part 161","l3_pm",0.262015358913373
"912","part 162","l3_pm",-1.62526118668004
"913","part 163","l3_pm",-1.36880016313576
"914","part 164","l3_pm",0.798333212758698
"915","part 165","l3_pm",-0.288776180680178
"916","part 166","l3_pm",1.31231271348225
"917","part 167","l3_pm",1.27734713653045
"918","part 168","l3_pm",-0.231306471426512
"919","part 169","l3_pm",-1.09121537731896
"920","part 170","l3_pm",0.864359699388354
"921","part 171","l3_pm",-0.196060738717199
"922","part 172","l3_pm",0.483843517148637
"923","part 173","l3_pm",1.37189433716375
"924","part 174","l3_pm",0.148024218031458
"925","part 175","l3_pm",1.43618547983182
"926","part 176","l3_pm",2.13711794069166
"927","part 177","l3_pm",0.314372329251981
"928","part 178","l3_pm",-0.496553391192505
"929","part 179","l3_pm",-0.175167553075713
"930","part 180","l3_pm",-0.0144968515225855
"931","part 181","l3_pm",-0.724680728724773
"932","part 182","l3_pm",-0.927656829220192
"933","part 183","l3_pm",0.244534207969875
"934","part 184","l3_pm",0.61180124415665
"935","part 185","l3_pm",-2.30121277808346
"936","part 186","l3_pm",0.974792153749236
"937","part 187","l3_pm",0.0229929265808412
"938","part 188","l3_pm",0.695970542106023
"939","part 189","l3_pm",0.837174384468084
"940","part 190","l3_pm",-0.893122322175139
"941","part 191","l3_pm",0.115406812862027
"942","part 192","l3_pm",0.768511464372401
"943","part 193","l3_pm",3.89330478118177
"944","part 194","l3_pm",0.419374719011963
"945","part 195","l3_pm",1.04466255336966
"946","part 196","l3_pm",0.65975526884074
"947","part 197","l3_pm",1.44703045299429
"948","part 198","l3_pm",0.69029581159524
"949","part 199","l3_pm",1.65345117394948
"950","part 200","l3_pm",-0.386502718016476
"951","part 201","l3_pm",1.31137362142524
"952","part 202","l3_pm",0.290276792756482
"953","part 203","l3_pm",1.33559749092456
"954","part 204","l3_pm",0.481381389419951
"955","part 205","l3_pm",0.0935335914829316
"956","part 206","l3_pm",0.0493328003267942
"957","part 207","l3_pm",0.880111746490388
"958","part 208","l3_pm",1.71169689146453
"959","part 209","l3_pm",1.31614996616923
"960","part 210","l3_pm",0.900980957071834
"961","part 211","l3_pm",1.29853855675538
"962","part 212","l3_pm",3.41709258816866
"963","part 213","l3_pm",-0.11412314680785
"964","part 214","l3_pm",-0.482985846400227
"965","part 215","l3_pm",0.380293819065566
"966","part 216","l3_pm",-1.28817171009301
"967","part 217","l3_pm",0.192220054383406
"968","part 218","l3_pm",0.932248740270228
"969","part 219","l3_pm",1.7128967997291
"970","part 220","l3_pm",-0.397372812321844
"971","part 221","l3_pm",1.19065456188545
"972","part 222","l3_pm",-0.204887072090988
"973","part 223","l3_pm",-1.24769608729639
"974","part 224","l3_pm",-0.057664729734824
"975","part 225","l3_pm",-0.227399313826914
"976","part 226","l3_pm",-1.56741255501315
"977","part 227","l3_pm",1.21282492197865
"978","part 228","l3_pm",-3.62338905991136
"979","part 229","l3_pm",-0.606680346227424
"980","part 230","l3_pm",2.90517872080571
"981","part 231","l3_pm",1.61515596858445
"982","part 232","l3_pm",-0.96081602627646
"983","part 233","l3_pm",1.13805600102013
"984","part 234","l3_pm",0.337061352067495
"985","part 235","l3_pm",1.64730461019557
"986","part 236","l3_pm",1.48069682403783
"987","part 237","l3_pm",0.837412550279688
"988","part 238","l3_pm",1.83038107036005
"989","part 239","l3_pm",1.37299308086171
"990","part 240","l3_pm",-0.854587608467041
"991","part 241","l3_pm",0.42335115703732
"992","part 242","l3_pm",0.242883006095405
"993","part 243","l3_pm",0.579671381397281
"994","part 244","l3_pm",-0.935586583509737
"995","part 245","l3_pm",0.582429926876149
"996","part 246","l3_pm",0.808092421776683
"997","part 247","l3_pm",1.33118043494171
"998","part 248","l3_pm",0.920107095211997
"999","part 249","l3_pm",0.201419687376221
"1000","part 250","l3_pm",-0.291731064930847
"1001","part 1","l5_b",0.94164668269357
"1002","part 2","l5_b",-0.0228519151521724
"1003","part 3","l5_b",0.481704055432178
"1004","part 4","l5_b",0.473546114903219
"1005","part 5","l5_b",-1.28138453035476
"1006","part 6","l5_b",-1.18467791043449
"1007","part 7","l5_b",-1.35742264435714
"1008","part 8","l5_b",1.30926491639533
"1009","part 9","l5_b",1.29742960518321
"1010","part 10","l5_b",-0.285276004304663
"1011","part 11","l5_b",0.956856810456299
"1012","part 12","l5_b",0.316950524180153
"1013","part 13","l5_b",1.56132506966225
"1014","part 14","l5_b",-0.575958898585435
"1015","part 15","l5_b",0.614417627624949
"1016","part 16","l5_b",1.68618858575415
"1017","part 17","l5_b",0.650726538321108
"1018","part 18","l5_b",0.424448812660796
"1019","part 19","l5_b",0.662954292239011
"1020","part 20","l5_b",0.315803015623531
"1021","part 21","l5_b",0.245792222763532
"1022","part 22","l5_b",1.86283216381148
"1023","part 23","l5_b",1.00235080931079
"1024","part 24","l5_b",0.077623078096667
"1025","part 25","l5_b",1.01269817528342
"1026","part 26","l5_b",1.39866802556451
"1027","part 27","l5_b",1.92359732832629
"1028","part 28","l5_b",1.00985061610157
"1029","part 29","l5_b",1.07422630632034
"1030","part 30","l5_b",-0.652247863438187
"1031","part 31","l5_b",1.21540654230044
"1032","part 32","l5_b",0.353097777829817
"1033","part 33","l5_b",-2.11287133962133
"1034","part 34","l5_b",0.354564548632915
"1035","part 35","l5_b",0.245482374639985
"1036","part 36","l5_b",-0.98777877315031
"1037","part 37","l5_b",-0.504082801585688
"1038","part 38","l5_b",-0.345506102783887
"1039","part 39","l5_b",1.70312409940637
"1040","part 40","l5_b",-0.0272470950151688
"1041","part 41","l5_b",-1.11546637250733
"1042","part 42","l5_b",0.698912535453869
"1043","part 43","l5_b",0.434675387154226
"1044","part 44","l5_b",-0.850527272847925
"1045","part 45","l5_b",-0.745232815956419
"1046","part 46","l5_b",-0.131609178986361
"1047","part 47","l5_b",-0.939645759617818
"1048","part 48","l5_b",0.33788173641887
"1049","part 49","l5_b",1.07812904947453
"1050","part 50","l5_b",1.57033441354775
"1051","part 51","l5_b",-0.599445756083815
"1052","part 52","l5_b",0.257589535335564
"1053","part 53","l5_b",-1.05458368158341
"1054","part 54","l5_b",0.508018738135333
"1055","part 55","l5_b",-0.673233097258371
"1056","part 56","l5_b",0.961044795226209
"1057","part 57","l5_b",-0.795057939434524
"1058","part 58","l5_b",0.689865848097864
"1059","part 59","l5_b",0.927386991655988
"1060","part 60","l5_b",-1.16952262964505
"1061","part 61","l5_b",0.762686065019542
"1062","part 62","l5_b",-0.759491690027623
"1063","part 63","l5_b",2.05352266714247
"1064","part 64","l5_b",-0.642364925249264
"1065","part 65","l5_b",0.299735636533042
"1066","part 66","l5_b",-0.168309242001779
"1067","part 67","l5_b",0.847893054091067
"1068","part 68","l5_b",0.42229791032857
"1069","part 69","l5_b",1.57990592881325
"1070","part 70","l5_b",0.864016580295245
"1071","part 71","l5_b",0.729077927138318
"1072","part 72","l5_b",0.970305150604349
"1073","part 73","l5_b",0.722713233368952
"1074","part 74","l5_b",-0.0921505190352745
"1075","part 75","l5_b",0.118064507406969
"1076","part 76","l5_b",-0.420421124203594
"1077","part 77","l5_b",0.501201496956682
"1078","part 78","l5_b",1.31550822485527
"1079","part 79","l5_b",2.95615591132571
"1080","part 80","l5_b",-0.410537935801544
"1081","part 81","l5_b",2.02212140256576
"1082","part 82","l5_b",-0.933366610568433
"1083","part 83","l5_b",-0.257579945966096
"1084","part 84","l5_b",-0.409431169171117
"1085","part 85","l5_b",0.417486350182165
"1086","part 86","l5_b",-0.190720826702697
"1087","part 87","l5_b",-0.72686042701972
"1088","part 88","l5_b",-1.10504647394902
"1089","part 89","l5_b",0.596510259924387
"1090","part 90","l5_b",1.59546899351102
"1091","part 91","l5_b",0.339766726769824
"1092","part 92","l5_b",0.636011986448951
"1093","part 93","l5_b",0.404247297377409
"1094","part 94","l5_b",-0.0803260894802386
"1095","part 95","l5_b",-1.13585566510095
"1096","part 96","l5_b",1.56615585227013
"1097","part 97","l5_b",2.48841364790174
"1098","part 98","l5_b",0.691550250116949
"1099","part 99","l5_b",-0.516752979424789
"1100","part 100","l5_b",-0.801503121778604
"1101","part 101","l5_b",-0.219241903835087
"1102","part 102","l5_b",0.0932735352410268
"1103","part 103","l5_b",0.470162348272794
"1104","part 104","l5_b",1.19539452090679
"1105","part 105","l5_b",-0.847204734142624
"1106","part 106","l5_b",-0.631262344882981
"1107","part 107","l5_b",-0.48877469476294
"1108","part 108","l5_b",0.745270454096291
"1109","part 109","l5_b",0.568899224863939
"1110","part 110","l5_b",0.624674590945814
"1111","part 111","l5_b",0.0115014163959328
"1112","part 112","l5_b",-1.67423415999361
"1113","part 113","l5_b",0.584530879815811
"1114","part 114","l5_b",0.487696952002474
"1115","part 115","l5_b",0.515414111236374
"1116","part 116","l5_b",0.0624402231213664
"1117","part 117","l5_b",0.448044228368425
"1118","part 118","l5_b",-0.166080433845943
"1119","part 119","l5_b",1.0696741044628
"1120","part 120","l5_b",0.947932385831537
"1121","part 121","l5_b",1.1784367609474
"1122","part 122","l5_b",1.60365901182005
"1123","part 123","l5_b",0.755685563256636
"1124","part 124","l5_b",-0.396332882760605
"1125","part 125","l5_b",1.17244203297643
"1126","part 126","l5_b",-0.614421804236122
"1127","part 127","l5_b",0.0669636979040809
"1128","part 128","l5_b",1.95224051609514
"1129","part 129","l5_b",0.0914061112964063
"1130","part 130","l5_b",0.44129901587565
"1131","part 131","l5_b",0.668714144308425
"1132","part 132","l5_b",-0.204216010267035
"1133","part 133","l5_b",1.51945452013773
"1134","part 134","l5_b",0.602064111273776
"1135","part 135","l5_b",-0.865583722140321
"1136","part 136","l5_b",-0.536840110591228
"1137","part 137","l5_b",0.0504454581497748
"1138","part 138","l5_b",-1.38841053482269
"1139","part 139","l5_b",1.43163266913377
"1140","part 140","l5_b",0.480195712491274
"1141","part 141","l5_b",1.22648741078036
"1142","part 142","l5_b",-0.968425738553174
"1143","part 143","l5_b",0.848780119380504
"1144","part 144","l5_b",0.106951304149254
"1145","part 145","l5_b",1.3384986256453
"1146","part 146","l5_b",-0.161331888485782
"1147","part 147","l5_b",-0.184609302359154
"1148","part 148","l5_b",-0.101554460033288
"1149","part 149","l5_b",-0.01972730027743
"1150","part 150","l5_b",1.29754790944681
"1151","part 151","l5_b",1.81482723025117
"1152","part 152","l5_b",-0.514915445661423
"1153","part 153","l5_b",1.7199111287385
"1154","part 154","l5_b",-0.68774663505208
"1155","part 155","l5_b",0.282519470201072
"1156","part 156","l5_b",-0.448627970811584
"1157","part 157","l5_b",1.07090419566771
"1158","part 158","l5_b",0.0292913762675682
"1159","part 159","l5_b",1.09460559913791
"1160","part 160","l5_b",0.518856043754176
"1161","part 161","l5_b",-0.516608842141598
"1162","part 162","l5_b",-1.75475273692276
"1163","part 163","l5_b",-1.80349483213851
"1164","part 164","l5_b",0.473776677768911
"1165","part 165","l5_b",-0.862026160464862
"1166","part 166","l5_b",1.3718808756943
"1167","part 167","l5_b",0.720083665675732
"1168","part 168","l5_b",0.00227979278840751
"1169","part 169","l5_b",-1.0367706147079
"1170","part 170","l5_b",0.693066151812193
"1171","part 171","l5_b",-0.0713151228023752
"1172","part 172","l5_b",-0.485179468479801
"1173","part 173","l5_b",0.999117940742229
"1174","part 174","l5_b",0.376334166213804
"1175","part 175","l5_b",1.00636806391573
"1176","part 176","l5_b",0.906798822477017
"1177","part 177","l5_b",0.0750740522268267
"1178","part 178","l5_b",-1.33245150188426
"1179","part 179","l5_b",-0.242985651228554
"1180","part 180","l5_b",-0.189440099387768
"1181","part 181","l5_b",-0.742104943072826
"1182","part 182","l5_b",-1.74673810179713
"1183","part 183","l5_b",0.373276266017829
"1184","part 184","l5_b",0.437352620158416
"1185","part 185","l5_b",-1.3954193652707
"1186","part 186","l5_b",0.392953064796542
"1187","part 187","l5_b",-0.351610160383028
"1188","part 188","l5_b",0.398618373274784
"1189","part 189","l5_b",0.425173672537281
"1190","part 190","l5_b",-0.494067764858896
"1191","part 191","l5_b",-0.270945302530198
"1192","part 192","l5_b",0.405108266983774
"1193","part 193","l5_b",2.78681514489188
"1194","part 194","l5_b",0.691248140034549
"1195","part 195","l5_b",0.209318954583292
"1196","part 196","l5_b",-0.0565679078042768
"1197","part 197","l5_b",1.18609902278271
"1198","part 198","l5_b",0.0248757465564417
"1199","part 199","l5_b",0.91550563695345
"1200","part 200","l5_b",-0.57738616952237
"1201","part 201","l5_b",0.791838956148823
"1202","part 202","l5_b",-0.202014400555971
"1203","part 203","l5_b",1.42210376564935
"1204","part 204","l5_b",-0.00571130251396704
"1205","part 205","l5_b",0.163345629097739
"1206","part 206","l5_b",-0.40173543939094
"1207","part 207","l5_b",0.558701766257904
"1208","part 208","l5_b",2.03754378581238
"1209","part 209","l5_b",0.694919978886897
"1210","part 210","l5_b",0.388297410369508
"1211","part 211","l5_b",-0.0714081064045349
"1212","part 212","l5_b",2.24092781966345
"1213","part 213","l5_b",-0.75936052160033
"1214","part 214","l5_b",0.434611734313462
"1215","part 215","l5_b",0.0731438595757379
"1216","part 216","l5_b",-1.74493063418977
"1217","part 217","l5_b",0.192049966357215
"1218","part 218","l5_b",0.558186244771939
"1219","part 219","l5_b",0.671596569179216
"1220","part 220","l5_b",-0.331282277357142
"1221","part 221","l5_b",1.95200033166585
"1222","part 222","l5_b",-0.773607696741211
"1223","part 223","l5_b",-0.965889606006851
"1224","part 224","l5_b",0.428986896158317
"1225","part 225","l5_b",-0.416926840544463
"1226","part 226","l5_b",-1.93552119952486
"1227","part 227","l5_b",0.753304735975552
"1228","part 228","l5_b",-3.26015729083344
"1229","part 229","l5_b",-1.35073839119987
"1230","part 230","l5_b",1.73998488078525
"1231","part 231","l5_b",2.04982586786897
"1232","part 232","l5_b",-0.679491371665747
"1233","part 233","l5_b",0.891449137475589
"1234","part 234","l5_b",0.234964339197343
"1235","part 235","l5_b",1.46150436236138
"1236","part 236","l5_b",1.23283551648954
"1237","part 237","l5_b",0.216633117803594
"1238","part 238","l5_b",1.15144263868492
"1239","part 239","l5_b",1.95651929635723
"1240","part 240","l5_b",-1.01255158330459
"1241","part 241","l5_b",-0.275134311570913
"1242","part 242","l5_b",0.135476661309889
"1243","part 243","l5_b",0.911087954702607
"1244","part 244","l5_b",0.00780587624584736
"1245","part 245","l5_b",0.960050483180689
"1246","part 246","l5_b",1.03704302712698
"1247","part 247","l5_b",1.64266030144025
"1248","part 248","l5_b",1.27281689475408
"1249","part 249","l5_b",0.0581723427446781
"1250","part 250","l5_b",-0.630552709101544
"1251","part 1","l5_pm",2.12345427311386
"1252","part 2","l5_pm",-0.00591562098909743
"1253","part 3","l5_pm",1.38101578538365
"1254","part 4","l5_pm",0.901889224004424
"1255","part 5","l5_pm",-0.200267980596929
"1256","part 6","l5_pm",-0.31577569162901
"1257","part 7","l5_pm",-1.79345648785677
"1258","part 8","l5_pm",1.51914773058598
"1259","part 9","l5_pm",1.3685887940868
"1260","part 10","l5_pm",-0.578527500653542
"1261","part 11","l5_pm",1.28110516961887
"1262","part 12","l5_pm",1.25879873489958
"1263","part 13","l5_pm",1.89424216081167
"1264","part 14","l5_pm",-0.984130899698216
"1265","part 15","l5_pm",0.456322495715668
"1266","part 16","l5_pm",0.904633698481183
"1267","part 17","l5_pm",0.115957449629146
"1268","part 18","l5_pm",0.789623369627845
"1269","part 19","l5_pm",1.14410835474079
"1270","part 20","l5_pm",0.654485434936878
"1271","part 21","l5_pm",0.303494309112513
"1272","part 22","l5_pm",1.86761342217514
"1273","part 23","l5_pm",1.40150869185537
"1274","part 24","l5_pm",-0.350918366503478
"1275","part 25","l5_pm",1.92690006851309
"1276","part 26","l5_pm",1.55058417863012
"1277","part 27","l5_pm",1.19159269119385
"1278","part 28","l5_pm",1.17889166396659
"1279","part 29","l5_pm",1.33437968824588
"1280","part 30","l5_pm",-0.295071608347226
"1281","part 31","l5_pm",1.40494642514248
"1282","part 32","l5_pm",0.662449845124291
"1283","part 33","l5_pm",-1.85159708052139
"1284","part 34","l5_pm",0.873426515559169
"1285","part 35","l5_pm",1.36481383655001
"1286","part 36","l5_pm",-0.55786231603485
"1287","part 37","l5_pm",-0.643901740576038
"1288","part 38","l5_pm",0.320357300410852
"1289","part 39","l5_pm",2.19042424729447
"1290","part 40","l5_pm",0.605400907094908
"1291","part 41","l5_pm",-0.142349278800424
"1292","part 42","l5_pm",0.753896677579322
"1293","part 43","l5_pm",0.601233240790401
"1294","part 44","l5_pm",-0.0483829989519468
"1295","part 45","l5_pm",0.728794374945877
"1296","part 46","l5_pm",0.37101219915667
"1297","part 47","l5_pm",-0.928344569378457
"1298","part 48","l5_pm",0.201636651835401
"1299","part 49","l5_pm",1.61823454020327
"1300","part 50","l5_pm",1.670749025718
"1301","part 51","l5_pm",0.175077980330939
"1302","part 52","l5_pm",0.918648012883199
"1303","part 53","l5_pm",-0.760805057777856
"1304","part 54","l5_pm",1.12632790542344
"1305","part 55","l5_pm",-0.114693502471667
"1306","part 56","l5_pm",1.53763728839784
"1307","part 57","l5_pm",-0.616047790161731
"1308","part 58","l5_pm",0.75270302248448
"1309","part 59","l5_pm",1.62477566194277
"1310","part 60","l5_pm",-1.1207291403195
"1311","part 61","l5_pm",1.10016583007255
"1312","part 62","l5_pm",0.118683855011826
"1313","part 63","l5_pm",2.39462252026123
"1314","part 64","l5_pm",-0.445530212118051
"1315","part 65","l5_pm",1.48322478285238
"1316","part 66","l5_pm",0.250727220330516
"1317","part 67","l5_pm",1.55604106621087
"1318","part 68","l5_pm",0.0806878863980878
"1319","part 69","l5_pm",2.37353189116701
"1320","part 70","l5_pm",1.09497505014992
"1321","part 71","l5_pm",1.14425776052878
"1322","part 72","l5_pm",0.884111714361012
"1323","part 73","l5_pm",0.558660648178842
"1324","part 74","l5_pm",0.0454709797940858
"1325","part 75","l5_pm",0.499313123273804
"1326","part 76","l5_pm",-0.480099996356797
"1327","part 77","l5_pm",0.439505256750079
"1328","part 78","l5_pm",1.53446123529085
"1329","part 79","l5_pm",2.69893668244946
"1330","part 80","l5_pm",0.776158855817211
"1331","part 81","l5_pm",2.23155028760941
"1332","part 82","l5_pm",-0.793806650479596
"1333","part 83","l5_pm",-0.547258235854732
"1334","part 84","l5_pm",0.179992152578538
"1335","part 85","l5_pm",0.739121744619106
"1336","part 86","l5_pm",0.193729949777996
"1337","part 87","l5_pm",-0.177849587210537
"1338","part 88","l5_pm",-1.50271921906804
"1339","part 89","l5_pm",1.1827217845096
"1340","part 90","l5_pm",2.14512088869806
"1341","part 91","l5_pm",0.837338830811228
"1342","part 92","l5_pm",0.363035042168204
"1343","part 93","l5_pm",1.00129171874591
"1344","part 94","l5_pm",0.133409692842671
"1345","part 95","l5_pm",-0.635562856268464
"1346","part 96","l5_pm",2.39846332281518
"1347","part 97","l5_pm",2.78720175085989
"1348","part 98","l5_pm",0.710871874064885
"1349","part 99","l5_pm",0.58961135961032
"1350","part 100","l5_pm",-1.17392126129271
"1351","part 101","l5_pm",0.800984553900488
"1352","part 102","l5_pm",-0.74495466265158
"1353","part 103","l5_pm",0.347012850232563
"1354","part 104","l5_pm",0.992707758591963
"1355","part 105","l5_pm",0.491531018804987
"1356","part 106","l5_pm",0.213698065196296
"1357","part 107","l5_pm",-0.6686791289262
"1358","part 108","l5_pm",1.44029728866038
"1359","part 109","l5_pm",0.482300624162286
"1360","part 110","l5_pm",0.613221762479368
"1361","part 111","l5_pm",-0.0369118874741859
"1362","part 112","l5_pm",-1.3484709255069
"1363","part 113","l5_pm",0.322599042074337
"1364","part 114","l5_pm",0.249055549798931
"1365","part 115","l5_pm",1.04163170703834
"1366","part 116","l5_pm",-0.15185660186192
"1367","part 117","l5_pm",1.05649995350244
"1368","part 118","l5_pm",0.353161137489073
"1369","part 119","l5_pm",1.74708569486395
"1370","part 120","l5_pm",0.713434705146857
"1371","part 121","l5_pm",1.01933385115634
"1372","part 122","l5_pm",2.31128403909368
"1373","part 123","l5_pm",0.536267724869195
"1374","part 124","l5_pm",-0.987423816712711
"1375","part 125","l5_pm",1.4505249597498
"1376","part 126","l5_pm",0.478562165002739
"1377","part 127","l5_pm",0.612650463257015
"1378","part 128","l5_pm",2.45236976700632
"1379","part 129","l5_pm",0.864223788972257
"1380","part 130","l5_pm",0.42364212080367
"1381","part 131","l5_pm",1.0255541685029
"1382","part 132","l5_pm",-0.191296294609027
"1383","part 133","l5_pm",1.26297822598479
"1384","part 134","l5_pm",0.686701526262528
"1385","part 135","l5_pm",-0.441729360151615
"1386","part 136","l5_pm",-0.724149012636653
"1387","part 137","l5_pm",0.648822506427556
"1388","part 138","l5_pm",-1.4963503062794
"1389","part 139","l5_pm",1.14225597469695
"1390","part 140","l5_pm",0.699040189730715
"1391","part 141","l5_pm",1.4932914233984
"1392","part 142","l5_pm",-0.246153912908111
"1393","part 143","l5_pm",-0.196725181284017
"1394","part 144","l5_pm",0.844950035551015
"1395","part 145","l5_pm",1.34794963515773
"1396","part 146","l5_pm",-0.306554995217568
"1397","part 147","l5_pm",-0.411643894852423
"1398","part 148","l5_pm",0.138054577184304
"1399","part 149","l5_pm",0.0614275098978433
"1400","part 150","l5_pm",1.81773968679319
"1401","part 151","l5_pm",2.24810702392476
"1402","part 152","l5_pm",0.222936000025208
"1403","part 153","l5_pm",1.89199670414092
"1404","part 154","l5_pm",-0.160916470305155
"1405","part 155","l5_pm",1.09464126380412
"1406","part 156","l5_pm",-0.356676014176046
"1407","part 157","l5_pm",1.00943213727596
"1408","part 158","l5_pm",-0.326386864274711
"1409","part 159","l5_pm",2.10041433973437
"1410","part 160","l5_pm",1.7447527490439
"1411","part 161","l5_pm",0.145062533398779
"1412","part 162","l5_pm",-1.73569857546076
"1413","part 163","l5_pm",-1.43802244942301
"1414","part 164","l5_pm",1.07846174790871
"1415","part 165","l5_pm",0.279630493887849
"1416","part 166","l5_pm",1.52797676131842
"1417","part 167","l5_pm",1.8064781388772
"1418","part 168","l5_pm",-0.142058760785694
"1419","part 169","l5_pm",-1.20570607794373
"1420","part 170","l5_pm",0.622467449300461
"1421","part 171","l5_pm",-0.27827540901593
"1422","part 172","l5_pm",0.981570036693256
"1423","part 173","l5_pm",1.57486355860657
"1424","part 174","l5_pm",0.0305998333262382
"1425","part 175","l5_pm",1.1999742966264
"1426","part 176","l5_pm",2.40217112072933
"1427","part 177","l5_pm",0.347837266353151
"1428","part 178","l5_pm",-0.344058415021626
"1429","part 179","l5_pm",0.0740537055341124
"1430","part 180","l5_pm",-0.142922128404464
"1431","part 181","l5_pm",-0.704602195770627
"1432","part 182","l5_pm",-1.25595507113301
"1433","part 183","l5_pm",0.839407707513682
"1434","part 184","l5_pm",0.913706548435518
"1435","part 185","l5_pm",-2.03714273944815
"1436","part 186","l5_pm",0.154624925461471
"1437","part 187","l5_pm",0.465365884591721
"1438","part 188","l5_pm",0.561778518071997
"1439","part 189","l5_pm",0.774610826694877
"1440","part 190","l5_pm",-0.455720959301202
"1441","part 191","l5_pm",-0.211815390453195
"1442","part 192","l5_pm",1.34357142329183
"1443","part 193","l5_pm",3.12907610246855
"1444","part 194","l5_pm",0.595914294335849
"1445","part 195","l5_pm",0.484947346386904
"1446","part 196","l5_pm",-0.273291255946153
"1447","part 197","l5_pm",0.989261489586834
"1448","part 198","l5_pm",0.201788129408202
"1449","part 199","l5_pm",1.65155811264262
"1450","part 200","l5_pm",-0.167899057429161
"1451","part 201","l5_pm",2.01091080979289
"1452","part 202","l5_pm",-0.143840899314917
"1453","part 203","l5_pm",1.79904640721499
"1454","part 204","l5_pm",-0.0321744427153917
"1455","part 205","l5_pm",-0.035193767379906
"1456","part 206","l5_pm",0.698599623836243
"1457","part 207","l5_pm",0.861974926796598
"1458","part 208","l5_pm",2.15758256017529
"1459","part 209","l5_pm",1.60545053029408
"1460","part 210","l5_pm",1.40452106191894
"1461","part 211","l5_pm",0.728063814768033
"1462","part 212","l5_pm",2.5518040195753
"1463","part 213","l5_pm",-0.255016743521818
"1464","part 214","l5_pm",0.339281370345966
"1465","part 215","l5_pm",0.124612176521082
"1466","part 216","l5_pm",-1.53283335445422
"1467","part 217","l5_pm",0.509756013597912
"1468","part 218","l5_pm",0.423686178379632
"1469","part 219","l5_pm",1.51476100588098
"1470","part 220","l5_pm",-0.393233627009332
"1471","part 221","l5_pm",1.05283480969601
"1472","part 222","l5_pm",-0.19304804055296
"1473","part 223","l5_pm",-1.34334317663228
"1474","part 224","l5_pm",0.297583738203353
"1475","part 225","l5_pm",0.0744836881389077
"1476","part 226","l5_pm",-1.04116655076557
"1477","part 227","l5_pm",0.873785352985587
"1478","part 228","l5_pm",-3.08553707578291
"1479","part 229","l5_pm",-0.249568570713847
"1480","part 230","l5_pm",2.44433426233326
"1481","part 231","l5_pm",2.15070051917325
"1482","part 232","l5_pm",-0.755040218226871
"1483","part 233","l5_pm",0.893283029831714
"1484","part 234","l5_pm",0.645875822047244
"1485","part 235","l5_pm",2.1690425939174
"1486","part 236","l5_pm",1.36716818790469
"1487","part 237","l5_pm",0.483322706638849
"1488","part 238","l5_pm",1.46902295868788
"1489","part 239","l5_pm",1.80714723535036
"1490","part 240","l5_pm",-0.595567162087897
"1491","part 241","l5_pm",0.343814236580297
"1492","part 242","l5_pm",0.137960303612852
"1493","part 243","l5_pm",1.18112671668912
"1494","part 244","l5_pm",0.322718908919497
"1495","part 245","l5_pm",0.711910792411298
"1496","part 246","l5_pm",1.06035899817957
"1497","part 247","l5_pm",1.80220147651274
"1498","part 248","l5_pm",1.50617161805335
"1499","part 249","l5_pm",0.1300062894424
"1500","part 250","l5_pm",-0.33532811064666
